GEOID,cen2010_pct_vacant_hu
01001,8.646939236503275
01003,29.67586319562564
01005,16.98368416603263
01007,11.446386816612849
01009,9.666345711056223
01011,16.64811929668373
01013,14.783219590525892
01015,11.18054382705624
01017,18.060456363208658
01019,34.677568082621256
01021,14.109347442680775
01023,19.301141835190535
01025,18.206994777654693
01027,16.32231404958678
01029,12.31021137243227
01031,11.110613524406627
01033,11.58863265781505
01035,20.696461299873114
01037,25.99567767829577
01039,17.515534547772056
01041,16.080178173719375
01043,14.006584984077291
01045,11.518278431891343
01047,15.558194774346793
01049,13.71628789096403
01051,13.338641026426187
01053,14.12713817784787
01055,11.417372613478316
01057,15.846864999407373
01059,12.38054485808016
01061,13.927642468668717
01063,24.82524465747953
01065,18.05355976485957
01067,21.336182656619055
01069,9.598623094066507
01071,13.205035100459936
01073,12.305358141020523
01075,17.011150394343215
01077,11.67134799388002
01079,10.342110447173157
01081,10.753153499703483
01083,10.095205420705035
01085,15.330739299610896
01087,17.15566819378107
01089,8.02133194944246
01091,16.625964638077562
01093,14.154848340910634
01095,11.233949729810124
01097,11.089474511212373
01099,18.697608753198626
01101,11.471748605385622
01103,8.131971167933116
01105,16.6772218703821
01107,15.511968786249078
01109,13.473504945306871
01111,23.518611250208647
01113,13.685708477332792
01115,11.021074252272024
01117,8.519204643695195
01119,17.049808429118773
01121,14.015314926660915
01123,23.18303107050789
01125,10.287256103308511
01127,13.77531152647975
01129,19.61460687522303
01131,20.62311913613029
01133,24.545252060286586
02013,25.970548862115127
02016,37.16951788491446
02020,5.0428197324651425
02050,21.42253759080926
02060,56.34674922600619
02068,54.488989271597966
02070,35.59950556242274
02090,12.785103989660868
02100,29.55242182709994
02105,48.4472049689441
02110,6.648793565683646
02122,27.526326116816012
02130,13.963671748297113
02150,12.690929662455213
02158,20.064131928538707
02164,63.182423435419445
02170,22.998378862300083
02180,29.76546906187625
02185,18.84
02188,29.109715552271886
02195,19.80942828485456
02198,26.671122994652407
02220,13.578742077035594
02230,31.446540880503143
02240,34.43167305236271
02261,35.004916420845625
02275,26.260504201680675
02282,40
02290,45.09658246656761
04001,29.96555330011687
04003,13.848003929472737
04005,26.23142401415012
04007,32.71759740656921
04009,14.329738058551616
04011,27.08142726440988
04012,42.688017945043306
04013,13.890008961256747
04015,25.580871148939238
04017,37.37398573887386
04019,11.850291103152804
04021,21.122709173355442
04023,14.286507495835647
04025,17.684185743262823
04027,26.27546955036995
05001,15.16532428995337
05003,13.534576304626617
05005,16.97077059344553
05007,11.814060418546688
05009,10.144410768407916
05011,20.255972696245735
05013,21.919226786330686
05015,15.97462939744819
05017,15.532189632909057
05019,15.4260953298026
05021,14.767774872369568
05023,30.001263743207378
05025,15.94488188976378
05027,15.84166954122111
05029,12.932098765432098
05031,7.9575465876835745
05033,10.216350756270343
05035,11.461678067848666
05037,10.836622946644594
05039,23.809523809523807
05041,15.013576106053348
05043,12.464319695528069
05045,8.577190423067021
05047,12.26779703278893
05049,23.340218353496606
05051,18.900846719949353
05053,10.634184068058778
05055,8.199195171026156
05057,15.164603128899126
05059,11.638291934133408
05061,13.994870150689323
05063,11.095323407672824
05065,20.754977876106196
05067,11.53795553216682
05069,12.52196570320548
05071,13.252585978251261
05073,27.636113025499654
05075,13.275
05077,16.804407713498623
05079,13.436213991769547
05081,16.238390092879257
05083,13.889988128215276
05085,7.136825874665003
05087,17.470926346745088
05089,20.771862304896302
05091,10.694466054665215
05093,13.285106798963781
05095,21.86307519640853
05097,30.591705708832208
05099,18.978742055665133
05101,23.434819897084047
05103,16.14206234280924
05105,15.019360097819442
05107,16.14655342682204
05109,20.125448028673834
05111,10.702188043577772
05113,15.516896620675865
05115,8.602403037063128
05117,18.165667332889186
05119,9.559966961920766
05121,14.260542699400917
05123,11.804090617261304
05125,7.5204748833991655
05127,15.886770652801848
05129,27.061224489795922
05131,9.244112642037656
05133,13.242340641788877
05135,25.066177967827326
05137,20.664481525625746
05139,13.748537119014909
05141,28.148864185596906
05143,13.004509839650147
05145,9.683575474021177
05147,19.496532237349086
05149,15.719852337981951
06001,6.421949054929285
06003,71.76136363636364
06005,19.2047471162378
06007,8.574111754578182
06009,32.36884512085945
06011,10.490929849042242
06013,6.220659916105161
06015,11.433935276238156
06017,20.345058360462346
06019,8.284447486934722
06021,9.074039710521433
06023,8.980002924024106
06025,12.379831273298018
06027,15.07702046845326
06029,10.464294380149596
06031,6.004513643513347
06033,25.20004508058154
06035,20.8654602675059
06037,5.917779462630142
06039,11.849816849816849
06041,7.196935637599583
06043,24.48959560266981
06045,13.337301292066561
06047,9.62508064708834
06049,21.725731895223422
06051,58.53939045428407
06053,9.422645417409816
06055,10.743439434613489
06057,21.036318691766496
06059,5.350903368935473
06061,13.115795817829254
06063,42.32943595014776
06065,14.293243346192803
06067,7.552542397271608
06069,5.95970900951315
06071,12.580666831514057
06073,6.68972669657774
06075,8.258830270970071
06077,8.020363200787148
06079,13.040958104249242
06081,4.868077821356229
06083,7.020689113678894
06085,4.38599822762375
06087,9.68739231976722
06089,9.0114211064116
06091,36.340206185567006
06093,18.423253868674195
06095,7.164468427877248
06097,9.16401071505387
06099,7.97925382862682
06101,7.150451887293993
06103,11.931670804461406
06105,29.927427715700954
06107,8.0058717253839209
06109,29.08718473946998
06111,5.245034523154476
06113,5.571988168518667
06115,12.042699475303058
08001,5.744899960768929
08003,8.529142508391823
08005,5.996617722963815
08007,39.88815338963707
08009,25.044483985765126
08011,18.28724353256021
08013,6.115478748101455
08014,5.440254349554005
08015,24.14171656686627
08017,19.384615384615383
08019,25.980650835532103
08021,27.251516565562294
08023,40.68120933792576
08025,16.228351507376523
08027,51.339737108190086
08029,12.825967609113368
08031,7.939201601136471
08033,38.76021798365122
08035,4.530268858963681
08037,38.566683699540114
08039,6.253495916769214
08041,6.680983342034075
08043,13.823926826733187
08045,12.656055600840876
08047,30.89887640449438
08049,59.72230869808853
08051,42.90220820189275
08053,73.9193083573487
08055,38.1871921182266
08057,49.53343701399689
08059,5.134214909095653
08061,23.1055900621118
08063,13.864474057272469
08065,30.859283540154532
08067,18.40680587780356
08069,9.363180181130483
08071,22.307411464037973
08073,19.50413223140496
08075,10.399732769179378
08077,7.261669114360513
08079,70.4412989175687
08081,11.797934151065203
08083,12.84107822060526
08085,9.676712328767124
08087,10.40905134899913
08089,13.82539859516111
08091,34.414531300681155
08093,48.56241485624149
08095,12.841399137517968
08097,37.064772639542966
08099,16.947155839784582
08101,9.42668929609067
08103,20.006044122091264
08105,27.918552036199095
08107,39.32405078819849
08109,31.303669008587043
08111,54.4973544973545
08113,47.96625489605303
08115,22.75618374558304
08117,60.61255947992762
08119,22.447203986395632
08121,18.65242399342646
08123,7.199759038647293
08125,11.509180474697716
09001,7.108113869348681
09003,6.251185707911043
09005,12.461450599657338
09007,10.202172722049253
09009,7.597153622611905
09011,11.518752996016332
09013,6.014181460586926
09015,8.687058056365007
10001,7.744344791698553
10003,6.831838389782585
10005,35.49205110699308
11001,10.114620229914498
12001,10.863203447847756
12003,9.445648807680396
12005,31.3216256899147
12007,13.913359367904823
12009,14.886016660243678
12011,15.343391066995068
12013,15.635939323220537
12015,27.090786231019955
12017,18.868069617819703
12019,8.858210339436658
12021,32.498555484596906
12023,12.903338455091493
12027,21.55586017820425
12029,32.22448760596631
12031,11.850105280499168
12033,14.970410305552914
12035,19.362074287478134
12037,50.83217753120665
12039,13.093407156772274
12041,16.23101135897085
12043,35.04800114629603
12045,41.437980241492866
12047,20.093457943925234
12049,15.192347253651512
12051,17.433397418291676
12053,15.098693552967907
12055,23.078034160257104
12057,11.576744290159152
12059,14.894109478069668
12061,21.17989154638095
12063,17.07375136885207
12065,14.867310012062726
12067,22.47596153846154
12069,16.350106209826478
12071,29.98687681723745
12073,10.626248630534253
12075,18.48133976047309
12077,24.784033363121836
12079,17.639429312581065
12081,21.403092246221554
12083,16.046327339225847
12085,18.21556104491175
12086,12.338657920934674
12087,38.16048821165946
12089,17.752577908537802
12091,21.673682729663337
12093,24.290885515154788
12095,13.527413757407668
12097,29.31029101973941
12099,18.111358212683232
12101,17.17395862454571
12103,17.424955423978524
12105,19.10609002396751
12107,21.23362884002464
12109,16.13269509072693
12111,20.802895737398654
12113,12.121680049413218
12115,23.057794433766905
12117,9.156292917537657
12119,21.998642175536528
12121,16.755374660822376
12123,28.02617230098146
12125,10.204081632653061
12127,18.090203205022306
12129,18.072477350827867
12131,50.587166533723305
12133,17.895516858095593
13001,18.12734962406015
13003,15.303804656445202
13005,12.226619454280359
13007,16.94915254237288
13009,16.72205962597351
13011,11.784068466096116
13013,9.200757575757576
13015,10.147402254978278
13017,14.454797280282044
13019,14.53668618670341
13021,13.446355258246964
13023,12.141779788838612
13025,14.852832055404402
13027,16.208149493900855
13029,9.322749535551427
13031,11.179412377578663
13033,13.502280790674101
13035,15.774286630330234
13037,16.894977168949772
13039,14.525906981149946
13043,15.122873345935728
13045,12.150559329253257
13047,8.009471547771179
13049,12.245810055865922
13051,13.647829840014081
13053,20.438388625592417
13055,13.018128814794572
13057,7.799902865468675
13059,11.071512493146393
13061,36.67935299714558
13063,13.43966381739172
13065,14.466245427336217
13067,9.226849104680792
13069,13.152804642166343
13071,10.88962918464311
13073,7.666680376753178
13075,13.009468917249897
13077,8.965338542185725
13079,8.881330309901738
13081,15.418297000186323
13083,13.880903490759753
13085,19.10791366906475
13087,14.309278350515465
13089,10.872944046588493
13091,17.043725271380744
13093,16.466498103666243
13095,10.521800936251562
13097,9.769314135315064
13099,15.01507537688442
13101,14.698331193838253
13103,9.012271172802253
13105,15.861421266826673
13107,15.429373996789728
13109,13.529159519725559
13111,37.14444375886962
13113,6.437378962076827
13115,11.3955266207985
13117,7.211328295759695
13119,19.07514450867052
13121,13.893229315610666
13123,31.69524269500121
13125,23.502304147465438
13127,21.961882306709892
13129,11.504623395277852
13131,12.472118959107807
13133,24.965469613259668
13135,7.89855494997376
13137,14.736029979058745
13139,11.818379949146387
13141,37.667910447761194
13143,12.452185236428747
13145,11.748899007240427
13147,22.1880525870685
13149,14.529914529914532
13151,8.202997399814459
13153,9.042434633519074
13155,13.339945450037193
13157,10.142303805995285
13159,18.023728262636112
13161,12.315043156596793
13163,14.483420115100026
13165,24.378109452736318
13167,18.7621359223301
13169,9.428473648186174
13171,11.453037195611453
13173,15.085902565309484
13175,12.7620741295395
13177,5.546905410665628
13179,17.118701133515394
13181,31.44588382783117
13183,16.823977479715186
13185,9.503426606862321
13187,14.97872340425532
13189,11.05268805665844
13191,35.23861171366595
13193,18.52998696219035
13195,10.828241683638833
13197,17.709335899903753
13199,14.411971477352617
13201,13.07774991042637
13205,10.460204535349044
13207,9.785247432306257
13209,16.169344554960468
13211,10.867237687366167
13213,11.884348207021716
13215,10.411174265328334
13217,10.307234886025768
13219,6.14552208673181
13221,12.908698334361505
13223,7.721081910608095
13225,9.88235294117647
13227,17.535787321063395
13229,11.307287753568746
13231,9.281524926686217
13233,10.740477880293351
13235,13.123665307707242
13237,32.82567947516401
13239,48.55886663409868
13241,44.93624624380736
13243,23.260293763544425
13245,10.896433494341546
13247,9.752945419572011
13249,15.217391304347828
13251,16.960973438195577
13253,26.8501146549927
13255,11.995369160100086
13257,18.74111514768599
13259,21.863197650020982
13261,12.840606801351642
13263,16.68137687555163
13265,25.22167487684729
13267,17.61990768613285
13269,22.813938198553583
13271,24.03727559270933
13273,13.750000000000002
13275,12.905783813252715
13277,9.723743458683218
13279,14.566864295125164
13281,41.66343293235028
13283,15.006684491978609
13285,11.474006988518862
13287,13.069513147617808
13289,14.191263282172372
13291,35.126672359806435
13293,11.88224652577913
13295,11.970099667774086
13297,8.792970556497611
13299,16.36653191228715
13301,22.445561139028474
13303,16.58008179507019
13305,13.419132715796378
13307,26.526592252133945
13309,18.01904761904762
13311,33.719337566928154
13313,11.827364094338204
13315,17.635327635327634
13317,17.351686700271422
13319,18.297303320704255
13321,11.209598962274349
15001,18.497643457557942
15003,7.6735163951213865
15005,38.93805309734513
15007,21.995099520021483
15009,23.434547237101977
16001,6.914109775445065
16003,33.68740515933232
16005,7.559278117561989
16007,41.72202350536536
16009,17.109526895657808
16011,7.075150238523016
16013,41.37541528239203
16015,43.80196523053666
16017,30.682232761765775
16019,7.807505474314767
16021,14.570048309178743
16023,16.617429837518465
16025,41.395908543922985
16027,8.363468714431846
16029,19.21884686918785
16031,8.432871476349737
16033,35.02824858757062
16035,17.80821917808219
16037,37.60876571060264
16039,16.6255550074001
16041,9.9160777385159
16043,48.001406634626655
16045,8.508240597267221
16047,9.223699327096668
16049,21.843549862763037
16051,6.60398991057097
16053,6.925070978891496
16055,14.209285024613388
16057,8.006004503377532
16059,24.381475999154155
16061,11.861702127659575
16063,13.714574898785425
16065,5.930851063829787
16067,6.457925636007827
16069,6.8643193026723255
16071,18.9401888772298
16073,14.745869065049153
16075,7.6355505869200675
16077,10.292119565217392
16079,20.620308738139073
16081,33.351588170865284
16083,7.440782698249228
16085,62.736449232335225
16087,10.929565025391918
17001,8.266872193552711
17003,16.89965052421368
17005,9.338411623642262
17007,7.336004006009013
17009,14.744110479285133
17011,9.274809160305344
17013,26.455026455026452
17015,21.51238591916558
17017,9.698423577793008
17019,7.884068563075974
17021,9.689648525348584
17023,12.738033968090582
17025,11.03997501561524
17027,8.52981516556724
17029,8.375667022411953
17031,9.815035046980796
17033,10.368317746218683
17035,10.196963479688142
17037,6.317096326590228
17039,9.440234011434649
17041,7.985697258641239
17043,5.347592081509578
17045,10.950812223105759
17047,10.887982428616255
17049,7.240905971173644
17051,10.653622876800688
17053,9.64660936007641
17055,10.299595141700404
17057,10.24390243902439
17059,12.49089584850692
17061,12.818907497260918
17063,7.251450290058012
17065,14.985380116959066
17067,13.306016821220618
17069,23.030546623794212
17071,17.71622680951137
17073,8.068227968051984
17075,11.12102289622361
17077,10.637553362726573
17079,9.321058688147296
17081,9.372419488026425
17083,10.357432981316004
17085,28.14940327095919
17087,18.113612004287248
17089,6.354402983844832
17091,8.254873358970958
17093,5.701743508345527
17095,10.557793745067908
17097,7.144558411125197
17099,9.266077073912522
17101,11.620530565167243
17103,8.57864309920925
17105,8.065429380308272
17107,8.565292805814819
17109,9.44587003259588
17111,5.895380903136849
17113,6.5349718617204555
17115,9.153046062407132
17117,10.206634544106747
17119,7.695592027735556
17121,11.740271097507652
17123,12.73249915454853
17125,14.102020630210541
17127,10.558132995922959
17129,9.090909090909092
17131,8.480565371024735
17133,5.996117084826762
17135,10.917431192660551
17137,9.094424750241702
17139,8.019169329073481
17141,7.557289127254998
17143,8.720524122648554
17145,11.57436876723955
17147,6.699683587838767
17149,16.501069047918502
17151,26.575672420714575
17153,16.259904912836767
17155,18.37996096291477
17157,10.162690596045817
17159,10.475176360974311
17161,6.772005596447473
17163,9.637932369310704
17165,11.267846456356331
17167,7.691794307071112
17169,12.11332755131541
17171,9.963399755998372
17173,11.35051943055021
17175,9.311892296185489
17177,10.126352973144332
17179,5.859239168231448
17181,9.553255931347804
17183,10.085907814306955
17185,10.259623992837959
17187,9.94532673782869
17189,9.30517294153658
17191,10.946708463949843
17193,12.087453000974795
17195,7.8773767947225455
17197,5.155767765188357
17199,9.677525610197964
17201,8.307069424046363
17203,5.737867282931661
18001,7.707084678039035
18003,9.418204279030647
18005,9.78306846335126
18007,11.633223266446532
18009,13.468848124276981
18011,7.0537048431045095
18013,25.178032589016297
18015,16.596283783783782
18017,9.809396624984824
18019,7.384460817146684
18021,10.732290865590018
18023,9.128443810524734
18025,22.047101449275363
18027,9.157244807954454
18029,7.0794705269942
18031,10.99116781157998
18033,9.152523066408474
18035,11.156101380904177
18037,7.196272434422458
18039,9.673769079429578
18041,10.818498807120573
18043,7.785910910910911
18045,11.82453909726637
18047,10.054518767037115
18049,15.152451586320561
18051,9.491293956981906
18053,10.504877968662747
18055,11.333903096443363
18057,6.497021691080058
18059,6.474666666666666
18061,8.116608201282206
18063,5.564972770223969
18065,10.386133032694476
18067,11.318803485095271
18069,10.041126225877886
18071,9.345126909130865
18073,7.108140947752125
18075,11.799154104760872
18077,11.711271050241074
18079,11.508824260502113
18081,7.7794841921304885
18083,10.50005869233478
18085,21.170149576111022
18087,17.70966368667518
18089,9.864910179640718
18091,12.625908190224571
18093,10.73835057416722
18095,12.089456219949888
18097,12.369155367082913
18099,12.290249433106576
18101,11.909736732135395
18103,13.069319723496351
18105,7.178506775847191
18107,9.410341699425462
18109,7.166534553577862
18111,8.739635157545605
18113,13.695360286438907
18115,11.027298850574713
18117,14.210985178727114
18119,15.905262114755722
18121,23.042671614100186
18123,11.995291347851678
18125,9.572798605056668
18127,6.317714078484111
18129,9.24422236102436
18131,12.838283828382838
18133,12.165102679178567
18135,11.002299242101678
18137,9.730589022757698
18139,9.869472562599894
18141,10.256946077022873
18143,9.990421455938698
18145,9.318658280922431
18147,8.904418394950406
18149,17.551541689472725
18151,31.310316354440832
18153,12.48461796621546
18155,18.816663312537734
18157,7.826038033082031
18159,8.888253786796227
18161,9.292991664093856
18163,10.299627724299123
18165,11.605235042735043
18167,10.096509150980307
18169,9.836991038035423
18171,9.320652173913043
18173,7.015659215799694
18175,11.21112929623568
18177,11.814224441457014
18179,7.539240072047345
18181,24.89591364687741
18183,8.962957776066101
19001,10.978907517577069
19003,14.676616915422885
19005,23.263752133385847
19007,15.166591285994272
19009,11.944818304172275
19011,7.147363677332132
19013,6.114123141338773
19015,8.74447090847227
19017,5.345436207766011
19019,8.998661909009813
19021,8.680344785722957
19023,8.410655492367555
19025,16.953797963978072
19027,7.391211604095563
19029,9.270216962524655
19031,6.857638888888889
19033,12.692325046248252
19035,9.866712826726674
19037,8.364148617714386
19039,9.422418012726382
19041,9.675018605805011
19043,15.557284142682521
19045,6.947959324529518
19047,7.633587786259542
19049,7.410124724871607
19051,11.083333333333334
19053,15.936358894105373
19055,12.03288490284006
19057,8.265443755057998
19059,41.209432640672425
19061,5.483812995815255
19063,10.970996216897856
19065,9.667294413057125
19067,8.503853308530427
19069,11.48344912137311
19071,10.696589915476537
19073,12.098548174219093
19075,7.215189873417721
19077,21.05628908964559
19079,9.405734866324975
19081,11.050656660412757
19083,11.284046692607005
19085,11.053335314217797
19087,7.415458937198068
19089,9.686283489809938
19091,10.140905209222886
19093,10.91652072387624
19095,8.00496004408928
19097,11.959638874137015
19099,8.497620666213459
19101,9.849881485383197
19103,5.810566941233226
19105,8.19212209628549
19107,10.606367876698439
19109,10.539674058242051
19111,9.842641160135761
19113,6.630822430109158
19115,13.114754098360656
19117,12.954223690420008
19119,8.374587458745875
19121,8.071406774488862
19123,8.099528978087243
19125,8.559724018973695
19127,7.682252985562356
19129,8.250122769684072
19131,9.381443298969073
19133,13.774749840323611
19135,17.27600411946447
19137,12.99866386715022
19139,8.364042434394193
19141,8.723116258083923
19143,10.301003344481606
19145,10.973402033143016
19147,13.699222126188419
19149,6.398104265402843
19151,14.786505007907222
19153,6.619591576960639
19155,6.49631324688533
19157,15.577159459157446
19159,21.660926138538077
19161,17.44335973475778
19163,7.057840885362289
19165,8.2461205341032109
19167,5.660070038276733
19169,5.580472423822338
19171,10.545969611125418
19173,13.775345992919213
19175,11.217786760990398
19177,15.313351498637603
19179,9.60367747546279
19181,6.036688258668554
19183,8.144178226145439
19185,17.4346201743462
19187,8.541238626357499
19189,11.494031574894109
19191,8.301800252264648
19193,5.862501205283965
19195,10.597519729425029
19197,13.845918211058356
20001,12.06231930613556
20003,12.365591397849462
20005,10.715307582260372
20007,22.640144665461122
20009,11.129489603024574
20011,16.478303334728615
20013,14.333542582130152
20015,7.928467265331185
20017,23.486360612109113
20019,25.023255813953487
20021,12.790697674418606
20023,16.99604743083004
20025,18.6784140969163
20027,11.94952993567541
20029,16.07641124704872
20031,11.781029263370334
20033,21.0727969348659
20035,13.038053649407361
20037,11.63979551710578
20039,24.202420242024203
20041,10.0200624164066
20043,12.304250559284116
20045,6.7514069889366795
20047,20.415647921760392
20049,27.045454545454543
20051,7.489123679303915
20053,23.958011732016054
20055,6.907200964145827
20057,7.163681799250313
20059,9.35677760832511
20061,12.585244885306881
20063,15.950473415877639
20065,19.40700808625337
20067,7.775891341256366
20069,7.991452991452991
20071,16.534181240063592
20073,26.548672566371685
20075,14.239482200647249
20077,18.324775353016687
20079,7.682246850691815
20081,9.36374549819928
20083,17.471736896197328
20085,9.53452154351964
20087,9.730392156862745
20089,28.641732283464567
20091,6.04181470708961
20093,10.025706940874036
20095,15.479308538501835
20097,16.885245901639344
20099,12.584225128814902
20101,19.29292929292929
20103,7.840540823082552
20105,23.658798283261802
20107,26.184355490268086
20109,15.405968077723802
20111,12.692787294086763
20113,7.648769750805755
20115,15.825765220316178
20117,11.631730374023839
20119,14.264264264264265
20121,7.801364670204701
20123,15.351941747572814
20125,13.246471226927254
20127,20.33686837180287
20129,14.792092706203135
20131,9.798334064007014
20133,11.553307600159723
20135,21.551724137931032
20137,14.909520062942565
20139,12.674930027988804
20141,21.033544877606527
20143,11.622885930190716
20145,15.4505076142132
20147,20.236142997704164
20149,8.671458381636912
20151,12.361541869738591
20153,19.34156378600823
20155,8.771309330126618
20157,20.959332638164753
20159,14.116094986807386
20161,8.563731745356586
20163,19.147398843930635
20165,19.154628143392188
20167,18.84910485933504
20169,6.991411144765777
20171,9.575923392612859
20173,8.54990477000657
20175,7.455650663689369
20177,8.263836239575435
20179,13.122529644268774
20181,17.15374841168996
20183,21.68458781362007
20185,17.766278568348426
20187,16.666666666666664
20189,11.361665221162186
20191,12.986654394845834
20193,9.615384615384617
20195,19.2627824019025
20197,15.184381778741866
20199,20.6145966709347
20201,16.277495769881554
20203,15.464895635673626
20205,15.997436992738145
20207,24.629080118694365
20209,12.5069291503738
21001,14.974323062558357
21003,15.676372622757064
21005,8.305029034732113
21007,12.561132561132563
21009,11.408171774025433
21011,15.13413506012951
21013,10.392276113729663
21015,6.365645447848507
21017,10.653074941189649
21019,9.246433976975647
21021,10.047108512020793
21023,13.619791666666666
21025,11.827956989247312
21027,26.368767638758232
21029,5.6108875093799035
21031,13.952696954228347
21033,14.287984742530197
21035,14.032659839468586
21037,8.739215140551071
21039,13.31421548545678
21041,13.5221465076661
21043,12.598489156039314
21045,15.17296647522372
21047,11.252927797956481
21049,9.162103654654272
21051,12.87887323943662
21053,17.943890039540573
21055,17.246662289341213
21057,21.86991869918699
21059,6.834410884878896
21061,24.895623936910468
21063,17.73954316226639
21065,12.833211944646758
21067,8.964930452796684
21069,13.49841461573305
21071,11.636863823933975
21073,10.801243308582283
21075,15.06524317912218
21077,16.53460116217644
21079,10.652552592791102
21081,13.35747334540334
21083,10.723013649639388
21085,25.654450261780106
21087,13.580015026296019
21089,10.159216166564605
21091,12.024638457418318
21093,7.877765192667761
21095,12.758084807222675
21097,10.53849902534113
21099,17.08143474704989
21101,7.947834645669291
21103,10.19578313253012
21105,13.407344150298888
21107,10.387157695939566
21109,15.89759313199448
21111,8.424067579735556
21113,8.737261393616471
21115,11.878765060240964
21117,8.998912649510691
21119,14.032971451548049
21121,12.171211598205039
21123,9.024627349319507
21125,9.557494301658414
21127,14.370024704913535
21129,15.30849825378347
21131,13.698370594922318
21133,13.679855184897855
21135,15.182842153988583
21137,9.631204362695259
21139,17.392205638474294
21141,13.558635221654916
21143,31.392193696514298
21145,9.176614434183854
21147,13.720527507659519
21149,10.107879924953096
21151,8.760665468139143
21153,10.77310924369748
21155,10.070887313615252
21157,16.986283972567946
21159,12.54841208365608
21161,13.251079580505861
21163,10.976024485631696
21165,34.82905982905983
21167,12.664721858967912
21169,13.37321085238197
21171,13.355111452728671
21173,10.804342251474484
21175,16.638078902229847
21177,12.022775385064604
21179,6.910096818810511
21181,13.860778902177245
21183,10.206478128975437
21185,6.07598607888631
21187,23.74866879659212
21189,17.783505154639176
21191,13.330178261555451
21193,11.508091626925182
21195,11.800422386483632
21197,13.647731332618793
21199,18.194828737715866
21201,17.62557077625571
21203,12.37180319356095
21205,12.254999010097011
21207,25.938156709696784
21209,9.817126871470757
21211,7.738166927616525
21213,9.172831203765972
21215,8.039976133651551
21217,9.499263622974963
21219,12.088535754824063
21221,24.67349551856594
21223,12.977099236641221
21225,9.640123758345547
21227,7.515405628613175
21229,10.646312450436161
21231,20.983366843355878
21233,11.185983827493262
21235,10.49057101411051
21237,16.256830601092894
21239,8.44925777238353
22001,10.028754874542088
22003,12.503852871673688
22005,7.341114162416634
22007,15.602357260168102
22009,14.466245427336217
22011,12.506648936170212
22013,24.358642135268205
22015,8.380782557597618
22017,8.82725747134645
22019,9.824758097930731
22021,21.80616740088106
22023,28.3328694684108
22025,21.38609801107238
22027,22.471331014044583
22029,18.86390280294149
22031,14.060211554109031
22033,8.164267452349309
22035,12.121212121212121
22037,12.378337908659844
22039,12.50170508798254
22041,12.508301970334292
22043,15.642583839747918
22045,9.832311940197993
22047,12.86692374281892
22049,18.4765625
22051,10.303751288761994
22053,11.536149105666617
22055,7.078030238318954
22057,8.024467368202789
22059,16.646341463414636
22061,9.651419477385904
22063,8.297787522423759
22065,16.215653621981684
22067,12.637849150768735
22069,15.995050303975896
22071,25.13902346547584
22073,8.979389277461577
22075,15.82951229679033
22077,18.40071877807727
22079,9.487464980964011
22081,15.891472868217054
22083,12.411553184085374
22085,31.903750884642605
22087,21.27545551982851
22089,6.7299959790912744
22091,15.864077669902912
22093,8.72856298048492
22095,8.823529411764707
22097,10.744704695730135
22099,12.41967093569117
22101,11.164669098488796
22103,8.270448161656814
22105,9.861602060990954
22107,35.299374441465595
22109,8.649486180417892
22111,19.407720782654682
22113,13.259361997226074
22115,10.581813091960996
22117,13.907505109558437
22119,14.475589573851883
22121,6.82110682110682
22123,11.771700356718192
22125,22.091426329213263
22127,24.398672933370197
23001,9.727031982073742
23003,21.675225783601913
23005,15.374629481382115
23007,40.11700216500069
23009,39.72476607605017
23011,16.14511579085482
23013,27.31637466307278
23015,35.51696249946792
23017,32.60296768825406
23019,14.749526130517197
23021,48.98956975228161
23023,17.497812773403325
23025,28.270470084072098
23027,23.810627840118705
23029,37.82009477848789
23031,23.412402030763996
24001,12.410314910990364
24003,6.202425645223511
24005,5.633420931881701
24009,8.605683836589698
24011,9.820501409286456
24013,4.19831426465404
24015,10.3058170936428
24017,6.820952276986336
24019,18.315814908783377
24021,5.919943196946836
24023,36.0507054206004
24025,5.584276953345753
24027,4.14798411449278
24029,22.59929851170727
24031,5.0063180856865435
24033,7.35567459519413
24035,10.54617676266137
24037,8.909452061431132
24039,21.042228212039532
24041,17.46947949123972
24043,8.430624527247016
24045,9.642649058069528
24047,60.126639042852794
24510,15.768239041407552
25001,40.2580468052982
25003,18.124890523734454
25005,7.601882577482812
25007,57.13288340702816
25009,6.780025688336583
25011,9.763611588364238
25013,6.373357616755561
25015,6.231330766896155
25017,5.116960019869151
25019,63.599586847994495
25021,4.603138789535396
25023,9.50984457511703
25025,7.211858444102155
25027,7.254856359474644
26001,54.04136187121827
26003,40.524870308208726
26005,14.988062962813094
26007,20.32018937270292
26009,44.51301615798923
26011,31.643374477200858
26013,34.64895635673624
26015,16.508700481303222
26017,7.501036914143509
26019,40.175424215099596
26021,18.028652401133616
26023,21.217791852598246
26025,11.510107794633203
26027,20.407926758604706
26029,36.912284770131606
26031,39.15728494917477
26033,32.57893003340705
26035,44.19145181422976
26037,6.284411141879785
26039,45.76271186440678
26041,20.886514297021865
26043,18.80629020729092
26045,7.557917109458023
26047,36.15752910251596
26049,11.956499115412635
26051,39.15233137166139
26053,34.81241315423807
26055,15.074881607730955
26057,9.1009241691658
26059,18.224019855678634
26061,23.631680618158406
26063,32.31756214915798
26065,8.343433843718307
26067,10.63039793365082
26069,42.48887149635572
26071,39.360661085136456
26073,9.848137838694901
26075,12.506838665092573
26077,8.542183679220413
26079,42.79845534467176
26081,7.96351574112701
26083,58.937981353871095
26085,65.53521314980622
26087,9.787515138170209
26089,38.03146970204218
26091,13.66565405504925
26093,7.456495762886456
26095,44.462353212065395
26097,54.368755676657585
26099,6.9986484440281975
26101,34.318847967376065
26103,19.78444509175648
26105,30.954721563638465
26107,23.803890019402772
26109,26.37941941379068
26111,7.016129032258064
26113,35.910935614785565
26115,7.528862492258341
26117,16.969632543141632
26119,53.98562050640825
26121,10.800560079389895
26123,26.596211365902295
26125,8.261088088306417
26127,36.18916206723532
26129,42.151180906088364
26131,42.55994358251058
26133,32.350352112676056
26135,58.63127878920816
26137,33.77231688276424
26139,8.507732084491925
26141,42.635212888377445
26143,53.25647001103888
26145,9.019621390078763
26147,11.112194035253822
26149,16.322269421844627
26151,24.611661166116612
26153,40.45620148899097
26155,9.36046703387315
26157,11.700952926260683
26159,21.35924969416882
26161,7.0338069972149375
26163,14.475479284842393
26165,22.19765774378585
27001,54.463784390791695
27003,4.31058979540288
27005,29.59965928449744
27007,17.93247917377113
27009,6.573729863692688
27011,26.3884430176565
27013,6.705594992748646
27015,6.186374314800313
27017,13.528359734287173
27019,4.763145703034515
27021,52.02184475765972
27023,8.390141583639224
27025,8.038919327413566
27027,7.011978797111733
27029,26.105174942384245
27031,57.287206713478334
27033,10.2549889135255
27035,35.20905923344948
27037,4.723116831037983
27039,6.1280986535799675
27041,23.1901532278322
27043,12.045133991537377
27045,12.196876284422524
27047,7.406366383247839
27049,7.901853764075331
27051,21.750902527075812
27053,6.586465516056913
27055,8.743169398907105
27057,40.767336889618385
27059,8.804908295803147
27061,30.63735451690375
27063,11.242484969939879
27065,18.295324245126768
27067,14.089135346066955
27069,23.761996161228407
27071,25.645569620253166
27073,14.544962080173349
27075,37.182658508006774
27077,51.4161220043573
27079,13.353737113402062
27081,17.18146718146718
27083,7.8482609479185435
27085,7.1129441624365475
27087,27.53050969131371
27089,17.269326683291773
27091,9.731241882305925
27093,14.034101555180815
27095,20.266666666666666
27097,16.85207551967453
27099,7.041757209138427
27101,18.415276558384548
27103,5.220228384991843
27105,6.9009958992384295
27107,16.31102016954107
27109,5.645094635920324
27111,32.41838512108782
27113,7.32094648245196
27115,34.16878907154434
27117,9.569484720053536
27119,13.045859000684462
27121,26.402486402486403
27123,6.678729448380963
27125,10.831622176591376
27127,9.515951595159516
27129,10.754588715159755
27131,8.743303480145585
27133,8.071328015016425
27135,15.651358950328023
27137,17.73273302412234
27139,4.27807486631016
27141,6.692609407331912
27143,8.325736858097843
27145,9.26517571884984
27147,6.602359382128658
27149,10.432692307692308
27151,12.388831437435368
27153,24.47162653866997
27155,26.483357452966715
27157,11.753526057817346
27159,17.306856066096536
27161,7.870428951031254
27163,4.8877389741702215
27165,10.44184664156925
27167,12.605588044184534
27169,5.809248554913295
27171,9.238775510204082
27173,9.831932773109244
28001,13.734989082969431
28003,11.93418047666452
28005,19.351921627731723
28007,16.51325882095113
28009,18.681318681318682
28011,9.545131485429993
28013,13.380587299291191
28015,17.102137767220903
28017,11.64492946499867
28019,16.963855421686745
28021,18.541321335543454
28023,14.512442864398173
28025,12.538126361655774
28027,12.333209785025945
28029,12.11424819435325
28031,12.54708097928437
28033,6.304961547197975
28035,10.972777106754622
28037,22.70101107366394
28039,14.448017148981778
28041,15.947686902205739
28043,13.549975381585424
28045,20.42124542124542
28047,16.08926873363778
28049,11.670743852795853
28051,17.694592988710635
28053,12.503242542153048
28055,15.714285714285714
28057,12.295081967213115
28059,13.088717598681473
28061,17.218704335119337
28063,20.25592158998094
28065,15.299523485364194
28067,11.177174218969885
28069,16.984328674290555
28071,19.239737779928724
28073,10.502700457000415
28075,10.398293849789614
28077,15.633826216979566
28079,12.140201805629316
28081,10.554192685102587
28083,12.288809758315024
28085,12.841691248770895
28087,11.556710347943968
28089,7.077649255666787
28091,14.385875992566314
28093,10.160607486056044
28095,11.972044971133394
28097,14.555256064690028
28099,12.146961236546087
28101,12.365304598314307
28103,16.731141199226304
28105,10.154198691936793
28107,12.642035789616928
28109,13.150867823765019
28111,15.310744700126836
28113,13.94658753709199
28115,10.192926045016078
28117,11.235751764067306
28119,14.795207578712732
28121,6.4634340644750115
28123,10.653879686137751
28125,12.666666666666668
28127,13.440589911178147
28129,14.03896642255078
28131,13.908671973188103
28133,8.910686628807433
28135,12.188065099457503
28137,8.331049602630857
28139,11.334570957095709
28141,20.854783875667803
28143,18.238600874453468
28145,10.442708333333334
28147,17.442512619181155
28149,13.495615637559371
28151,12.769485903814262
28153,12.03733854336264
28155,15.487094088259784
28157,31.407583879293234
28159,14.305317324185248
28161,18.568726355611602
28163,12.050823903116935
29001,12.305779987569919
29003,8.294552422666301
29005,16.314907872696818
29007,11.629192775525249
29009,19.77971808480283
29011,11.982142857142856
29013,14.001530221882172
29015,40.28975265017668
29017,17.53997958489282
29019,7.870483530071458
29021,10.195955968459677
29023,10.729309208859156
29025,20.17372421281216
29027,11.818378144908758
29029,53.69934196148897
29031,8.48663232769193
29033,16.52267818574514
29035,21.188789651986447
29037,7.194604046964777
29039,19.186046511627907
29041,22.198224142068636
29043,7.914238662275146
29045,15.548517132162395
29047,7.134947507400072
29049,10.421360973411446
29051,8.049746318524935
29053,12.180088436285676
29055,17.766624843161857
29057,17.5031525851198
29059,14.852518924562776
29061,23.457966182424386
29063,11.319011319011318
29065,12.999313658201784
29067,14.296671268599479
29069,10.971634648727374
29071,9.786038370298717
29073,23.826934795856186
29075,16.671860392645684
29077,8.886886200323797
29079,16.30499701373681
29081,16.746085772634444
29083,13.60462979974279
29085,36.04974396488661
29087,23.98431931575196
29089,13.116542994325622
29091,10.149270295766051
29093,17.845749671608182
29095,11.951426603226478
29097,9.92539670008684
29099,6.7628329491246895
29101,10.298216276477145
29103,25.382262996941897
29105,10.755482317150463
29107,11.523304796847397
29109,10.691332812781548
29111,14.575523704520396
29113,10.018561705773168
29115,17.576606004044173
29117,12.76374442793462
29119,15.324937027707808
29121,16.34703196347032
29123,17.95644891122278
29125,19.648666232921276
29127,11.29736472789646
29129,26.93208430913349
29131,22.268380623922248
29133,9.297846261600421
29135,10.427461139896373
29137,24.17674030846186
29139,20.587275693311582
29141,45.54359734484758
29143,9.2486226702614
29145,9.427055484720109
29147,10.27929441411172
29149,17.480860371855634
29151,18.44481861319455
29153,25.796178343949045
29155,9.9375076583752
29157,14.133986928104575
29159,9.978628965970739
29161,10.080376798238879
29163,16.6984126984127
29165,7.954516482675982
29167,12.229404690318702
29169,10.612153708668453
29171,28.504359490274982
29173,21.0688790275902
29175,12.805674817995147
29177,10.286458333333332
29179,31.118274237540295
29181,14.552069122328332
29183,4.781017756850287
29185,26.22340425531915
29186,18.490216510362394
29187,15.73195586478319
29189,7.5946506191328496
29195,12.197291687259069
29197,14.55756422454805
29199,20.641620937104264
29201,8.530052393006416
29203,17.195004803073967
29205,19.494697442295696
29207,9.9492982585054
29209,32.803219947970355
29211,18.40381179273377
29213,29.05486241668091
29215,13.932391955498503
29217,11.574512901527118
29219,15.975485188968335
29221,15.08577652718526
29223,29.271310157119878
29225,9.398626621349795
29227,26.307572209211553
29229,13.804597701149426
29510,19.2867126509926
30001,23.87635122321259
30003,14.717784877529287
30005,17.094618360886386
30007,12.912801484230055
30009,29.03275888837137
30011,34.32098765432099
30013,9.300890653503595
30015,20.319555401180967
30017,9.514388489208633
30019,28.172817281728175
30021,11.433971178832978
30023,21.55408043732917
30025,16.122448979591837
30027,12.628512679917753
30029,20.141387901113642
30031,13.570904963465678
30033,36.96682464454976
30035,18.455497382198953
30037,23.739495798319325
30039,49.787384833451455
30041,13.448275862068964
30043,10.741839762611276
30045,30.83832335329341
30047,31.08271039305522
30049,11.550695825049702
30051,21.188878235858102
30053,22.518181021641986
30055,23.214285714285715
30057,48.70317002881844
30059,43.71508379888268
30061,21.87244480784955
30063,8.342314293697362
30065,22.90881688018086
30067,22.026666666666667
30069,30.555555555555557
30071,22.09850107066381
30073,14.065438134637082
30075,26.125244618395303
30077,20.579710144927535
30079,18.12778603268945
30081,13.53214522800388
30083,8.417582417582418
30085,12.552301255230125
30087,16.317475967463643
30089,23.31536388140162
30091,24.030636668262325
30093,10.677753185380153
30095,20.966062877368312
30097,25.977653631284912
30099,15.283540802213002
30101,13.741438356164384
30103,20.61611374407583
30105,34.45378151260504
30107,25.898078529657475
30109,15.055762081784389
30111,5.115493486386312
31001,6.621722846441948
31003,13.489646772228989
31005,26.37795275590551
31007,20.59620596205962
31009,39.87730061349693
31011,11.815779539448847
31013,13.508579773640013
31015,32.23021582733813
31017,22.30563002680965
31019,5.387117079311792
31021,16.1811364291895
31023,16.333580064150013
31025,12.764234955473599
31027,14.681774349083895
31029,13.617677286742037
31031,19.860627177700348
31033,12.07037643207856
31035,11.729423525491503
31037,11.691481571881864
31039,10.65651760228354
31041,15.50457071159706
31043,5.412134713667934
31045,13.358419567262464
31047,12.091277289341104
31049,16.954022988505745
31051,11.830357142857142
31053,9.61167390255668
31055,7.819018125512342
31057,20.266666666666666
31059,14.761414349467902
31061,18.915801614763552
31063,25.794155019059723
31065,19.69864020580669
31067,9.8027953283553515
31069,26.86453576864536
31071,20.62818336162988
31073,32.991318074191
31075,29.15601023017903
31077,17.76923076923077
31079,5.745466898806743
31081,10.206653225806452
31083,36.04210526315789
31085,18.98238747553816
31087,26.20533182076007
31089,14.726749760306806
31091,24.361948955916475
31093,11.047102677058625
31095,14.548238897396631
31097,15.700593336376084
31099,7.1032571032571035
31101,30.807522123893804
31103,30.601092896174865
31105,14.773306164034642
31107,23.830409356725145
31109,6.20641158221303
31111,9.395163721883856
31113,17.72151898734177
31115,35.44600938967136
31117,25.4416961130742
31119,7.1599840149194085
31121,14.791779340183883
31123,14.619164619164618
31125,15.324819544697391
31127,15.608919382504288
31129,15.659229208924948
31131,9.437722419928827
31133,22.544080604534006
31135,14.551724137931036
31137,9.48502994011976
31139,9.652389819987585
31141,5.381970399162805
31143,19.0040278286342
31145,11.467628631099297
31147,15.365353972228545
31149,24.890350877192983
31151,10.951058660187435
31153,6.1932900642578055
31155,12.807721505259734
31157,9.019990248659191
31159,8.858181818181817
31161,18.93732970027248
31163,28.284389489953632
31165,29.20245398773006
31167,9.34295480440562
31169,15.928231417063346
31171,27.611940298507463
31173,10.382059800664452
31175,15.442146942366916
31177,6.505240332490062
31179,7.123940677966102
31181,16.10878661087866
31183,39.23611111111111
31185,10.704541807093564
32001,10.668760391649732
32003,14.872260493631767
32005,17.03772548688268
32007,10.855565777368906
32009,54.23529411764706
32011,22.304832713754646
32013,11.708549768356031
32015,14.058252427184467
32017,27.17948717948718
32019,12.147957599680668
32021,20.848056537102476
32023,19.319910514541387
32027,18.100649350649352
32029,12.462311557788945
32031,11.575353952856778
32033,17.585593597154293
32510,8.953004164187984
33001,33.75595142566736
33003,47.12279908572577
33005,13.139504788197739
33007,33.53501242906055
33009,29.60485133020344
33011,6.37567523621976
33013,10.185549487732331
33015,9.214815048654792
33017,8.892198773623228
33019,18.866657714515913
34001,18.792391450251486
34003,4.727175726755735
34005,5.293966916265695
34007,6.813113890203618
34009,58.48599823007049
34011,6.990364294157682
34013,9.343865232590092
34015,5.032059455717876
34017,8.8401427858028
34019,4.684058439590196
34021,6.99453093896025
34023,4.618046132971506
34025,9.452807553887235
34027,4.903024620473868
34029,20.47854358177607
34031,5.217485196003773
34033,7.7579603895393365
34035,4.3597261364282405
34037,11.771435937928034
34039,5.700063662658091
34041,7.6683361157484695
35001,6.415136823884546
35003,45.66737610215871
35005,11.25969210023598
35006,20.187370507161518
35007,40.027935747780106
35009,10.203369554381418
35011,32.142857142857146
35013,7.313601335100378
35015,9.625857870267877
35017,14.340161981896141
35019,26.20142081069787
35021,33.65019011406844
35023,19.09736732135395
35025,10.766884706448893
35027,47.377133398025
35028,8.27148671295188
35029,12.782980270933722
35031,14.895595242707163
35033,34.59158415841584
35035,21.06350025813113
35037,26.880948105584483
35039,19.706691109074242
35041,10.584343991179713
35043,8.960162181804272
35045,10.005877464988549
35047,23.19333119589612
35049,13.055130705656195
35051,29.188606988989946
35053,12.966869338627621
35055,26.93807056501357
35057,19.671710695050013
35059,26.46420824295011
35061,8.592321755027422
36001,8.340411938521406
36003,30.344299923488904
36005,5.557183490396487
36007,9.270894294579463
36009,21.52222033032522
36011,13.823344021485928
36013,18.942020322773462
36015,7.576428887904298
36017,17.296641036017807
36019,11.998439589835042
36021,20.9580472921434
36023,9.262769111143509
36025,36.26929729037217
36027,8.996274380889766
36029,8.764828298894694
36031,36.48400578057259
36033,24.70560341421007
36035,21.034941530705133
36037,7.272656219469304
36039,32.136254707292025
36041,73.98205659075224
36043,21.140768700757917
36045,25.040541006797092
36047,8.341256011988488
36049,30.426151402858654
36051,10.006267743243741
36053,12.605094939698333
36055,6.291778048803312
36057,12.101634652907254
36059,4.231486977576407
36061,9.827054976448784
36063,8.640032284100082
36065,10.704549817623345
36067,7.250058065695775
36069,10.735999004004732
36071,8.10071154898741
36073,12.5440833378547
36075,13.429605582297846
36077,20.00519868733145
36079,8.3272289660946
36081,6.587022093645638
36083,9.476040573627142
36085,6.306041119463816
36087,4.6272715915315645
36089,20.194502522394643
36091,10.501135257865716
36093,7.786380432869963
36095,23.591201903545937
36097,20.359598096245374
36099,16.518107585862992
36101,17.454731457800513
36103,12.292077861698116
36105,38.72443378197048
36107,8.345719046975635
36109,6.495656764409465
36111,15.051770726224923
36113,27.722976811444504
36115,16.30148384412703
36117,10.892174294273813
36119,6.361290218191526
36121,13.739565943238732
36123,29.45667482025054
37001,9.937515020427782
37003,10.896287602693187
37005,40.9686187299234
37007,15.730822391154112
37009,32.21658401568446
37011,52.02303815694744
37013,19.227965003240442
37015,14.895133374058236
37017,18.55739925499492
37019,40.24805761338117
37021,11.425925109160676
37023,12.41468724773111
37025,8.717349903387687
37027,11.34124644839215
37029,10.453216374269006
37031,40.077627181967244
37033,13.457011017986629
37035,10.309931355507764
37037,10.113727263242096
37039,32.89751641450185
37041,16.874742763067633
37043,34.73389355742297
37045,11.108293177783414
37047,13.643345365179327
37049,10.450646637927203
37051,9.661019450429444
37053,38.55946862243133
37055,57.19873402603607
37057,11.203633610900834
37059,10.92773330409036
37061,12.566075870646767
37063,9.041150586023608
37065,12.71438924229004
37067,10.013896680095874
37069,13.372464913270873
37071,9.944072345127754
37073,10.426267281105991
37075,37.58853288364249
37077,9.633328952556184
37079,10.958236941434311
37081,9.810702835100015
37083,14.782203948644351
37085,10.992702916693416
37087,26.86673914287349
37089,16.929263388777187
37091,12.233192289609779
37093,9.219702377683818
37095,36.68957275171796
37097,11.29932041789228
37099,36.61939263141668
37101,8.529594279128867
37103,13.869367507234395
37105,8.609545906529666
37107,11.33505849764916
37109,9.803513569751196
37111,14.273356401384083
37113,42.20241632006338
37115,19.928355957767725
37117,11.842105263157894
37119,9.108177962911848
37121,23.275565247331574
37123,33.74387331909011
37125,14.565316340464268
37127,10.65127938324741
37129,15.172128238495208
37131,21.252355662155217
37133,11.922141119221411
37135,7.446444952065759
37137,27.13034244757101
37139,11.15071585575952
37141,23.914833108816044
37143,19.86830804466075
37145,13.010498543395812
37147,9.885318042405654
37149,21.369839048285513
37151,9.285562163136253
37153,11.129327804031247
37155,9.01215142840894
37157,11.449560600512633
37159,11.743701317035093
37161,18.926737115532205
37163,11.856502900785783
37165,10.392944119002172
37167,12.987827369974179
37169,11.43951833607006
37171,11.147414382035821
37173,34.976498910925145
37175,24.886500026091948
37177,22.872340425531913
37179,6.86976808014272
37181,13.380141420177274
37183,7.043696683484117
37185,29.518888700660682
37187,14.866738561084578
37189,36.512431154121415
37191,9.665904927382954
37193,14.229547860275215
37195,9.994086339444117
37197,10.697191626780462
37199,30.710659898477154
38001,20.26143790849673
38003,15.392706872370265
38005,24.305084745762713
38007,26.033057851239672
38009,34.761575673807876
38011,17.70647653000594
38013,31.865671641791042
38015,4.972870168372769
38017,5.945126438811857
38019,21.26461671719359
38021,17.298937784522003
38023,26.208459214501513
38025,34.28705440900563
38027,20.105820105820104
38029,23.54916067146283
38031,16.9905607995558
38033,19.958634953464323
38035,6.566930207197383
38037,33.25443786982248
38039,22.587268993839835
38041,25.318246110325322
38043,36.73835125448029
38045,18.453976764968722
38047,26.311188811188813
38049,19.369063772048847
38051,29.655543595263723
38053,22.006472491909385
38055,30.286225402504474
38057,18.53932584269663
38059,6.540276512956371
38061,32.19227967953387
38063,23.50804359107421
38065,16.464088397790057
38067,15.599896346203678
38069,16.552978626648475
38071,11.754229741763135
38073,13.027108433734941
38075,23.448773448773448
38077,11.355457816873251
38079,10.964259121370066
38081,16.417165668662676
38083,27.85234899328859
38085,11.670480549199084
38087,25.229357798165136
38089,6.054960409874243
38091,26.216908625106743
38093,9.440275806124518
38095,27.674258109040718
38097,10.211640211640212
38099,13.677700982175336
38101,6.412653305414298
38103,21.684804514308748
38105,11.190749235474007
39001,14.108491292957313
39003,9.73354963443632
39005,8.784607741294431
39007,14.612030629731665
39009,10.63862042827364
39011,8.235894817462345
39013,11.626402070750647
39015,11.849126988238952
39017,8.304276570919859
39019,16.885676741130094
39021,8.510892270963891
39023,10.053892118074211
39025,7.225748859353303
39027,10.604974356146252
39029,9.354825008494732
39031,11.405258386219401
39033,10.254375960727922
39035,12.337015872607408
39037,7.923449186097669
39039,8.733337318429076
39041,5.450601102775016
39043,15.81450653983353
39045,7.458210506585786
39047,9.903096194753013
39049,9.475023995326127
39051,7.002929855805136
39053,13.378815080789947
39055,6.315962158910701
39057,8.017174425931625
39059,15.542124732975566
39061,11.505867014341591
39063,8.973895219147526
39065,10.213740458015268
39067,20.122399020807833
39069,8.601521357519017
39071,13.86480908152735
39073,15.264217038086011
39075,8.136982291819113
39077,9.430068264803937
39079,10.810996092411052
39081,11.323341253884116
39083,9.996815033044031
39085,6.962312997766842
39087,9.524327065898634
39089,7.651787389415652
39091,21.871360165652906
39093,8.471614345539848
39095,11.036371711987366
39097,7.5600727774640815
39099,11.732672824658195
39101,11.291945103111303
39103,5.8368627224237875
39105,14.60101867572156
39107,11.915159076731129
39109,7.544739696312365
39111,19.849345843795426
39113,12.101658325973899
39115,23.542828180435883
39117,9.184033910279053
39119,9.988443557283185
39121,19.84140095820254
39123,37.28546347056505
39125,11.201280146302436
39127,10.748800210374071
39129,7.760282021151586
39131,11.769890233154396
39133,7.7810054541142994
39135,8.648255813953488
39137,6.255917267496905
39139,10.399457865528673
39141,10.044170710464103
39143,8.366805608184919
39145,9.583504188389666
39147,9.733852914352044
39149,8.456848262529123
39151,8.550071119450413
39153,9.109416626888446
39155,10.557074966463192
39157,8.06098592249913
39159,7.0204333727932475
39161,9.322235434007133
39163,16.388491495787633
39165,5.357275541795666
39167,9.800119857580993
39169,6.999367461338801
39171,9.557235421166306
39173,8.117880695443645
39175,7.892603850050659
40001,10.785386129949682
40003,26.818675352877307
40005,14.591254752851713
40007,17.902621722846444
40009,15.383020628174563
40011,23.762757558251494
40013,14.030429898907382
40015,18.993988280952742
40017,7.369569962890199
40019,11.882920370720635
40021,16.867862969004893
40023,16.633426406063023
40025,34.02646502835538
40027,6.215357609639289
40029,16.370106761565836
40031,11.34630166144386
40033,17.67241379310345
40035,15.676396503185657
40037,10.826249117973187
40039,12.340216322517207
40041,31.126601660085424
40043,20.49079754601227
40045,22.01312910284464
40047,9.898997428347807
40049,13.705465034692446
40051,10.473018587695215
40053,23.169750603378922
40055,20.343316289262237
40057,27.979274611398964
40059,19.968553459119498
40061,16.323822163238223
40063,18.324437975092998
40065,15.152769727581353
40067,22.02486678507993
40069,15.879828326180256
40071,14.423254099871016
40073,10.578873459198004
40075,23.734662576687114
40077,15.485037156055434
40079,11.982469227900037
40081,12.920831141504472
40083,11.078801977318987
40085,18.19784093412646
40087,7.8951128893969695
40089,16.577608961565698
40091,36.62921348314607
40093,15.309180059929176
40095,36.658005196881874
40097,16.794012162794324
40099,20.69374444115031
40101,12.46926362106898
40103,13.61168320539225
40105,12.510356255178129
40107,17.569102612646724
40109,10.077291544205009
40111,14.135598904477112
40113,13.89585205505368
40115,12.197724039829302
40117,16.255648805681084
40119,11.220617222205878
40121,20.42060616771229
40123,11.696294064477254
40125,11.077936785751055
40127,21.292962356792145
40129,22.83464566929134
40131,9.31740614334471
40133,16.251503178148084
40135,13.121783876500858
40137,12.251912092167682
40139,12.134502923976607
40141,21.118469462840324
40143,9.942777525276986
40145,9.48339731932377
40147,10.298068312651914
40149,16.061325059317394
40151,21.103171058508263
40153,13.396696085087124
41001,20.23566734647632
41003,5.319354393709477
41005,7.107585459874478
41007,26.9377146570129
41009,7.319547782394434
41011,11.309776746314517
41013,16.114487355420508
41015,17.41060810275113
41017,20.026454036112256
41019,8.860267811509761
41021,25.259515570934255
41023,22.83609576427256
41025,16.427640156453716
41027,11.843382590874771
41029,8.644446155030405
41031,20.631686194600103
41033,8.828715033814898
41035,16.763287972173064
41037,23.90177968010813
41039,6.499180075842985
41041,32.86507677229664
41043,7.408697077077488
41045,10.956209373930893
41047,6.606971591097001
41049,11.841512832057631
41051,6.246921485567924
41053,6.646425978483268
41055,15.359477124183007
41057,40.98807124571055
41059,9.392786178560604
41061,8.599529985203237
41063,23.734177215189874
41065,12.67519804996953
41067,5.420569545775476
41069,27.262569832402235
41071,6.424144435462139
42001,6.876531112199902
42003,9.375578113411214
42005,11.706642066420663
42007,8.730229763076805
42009,15.533940051765885
42011,6.352721338130282
42013,7.315729618309759
42015,15.537542946729378
42017,4.515848363121859
42019,6.821292872951501
42021,10.205635948210205
42023,48.978675645342314
42025,22.201813463949385
42027,9.043082610550263
42029,4.9682534734129336
42031,19.206492335437332
42033,16.44757271503985
42035,20.59224318658281
42037,10.234592175740728
42039,21.613033164749588
42041,6.045725487058447
42043,8.28114877996113
42045,6.371409857246682
42047,22.132499289166905
42049,7.323440044318354
42051,10.794449843085403
42053,71.33561643835617
42055,7.640108195321027
42057,15.557427688851448
42059,10.54678007290401
42061,22.736418511066397
42063,8.45015168950727
42065,17.263974324685744
42067,13.68190927309164
42069,9.920274289491077
42071,4.607000670109188
42073,9.393532641854788
42075,5.9972657936393725
42077,6.051341743038853
42079,11.305025949928739
42081,11.047619047619047
42083,19.043580683156655
42085,10.227514352540931
42087,12.973023169429354
42089,23.97740141116739
42091,5.521359387231952
42093,7.181418706842435
42095,5.647915056952718
42097,13.037119113573405
42099,12.343321582452017
42101,10.510004163116578
42103,42.82920469361147
42105,44.115372718836994
42107,13.17167462458347
42109,7.9678043301928
42111,18.42678351218744
42113,55.94860406091371
42115,22.509578544061306
42117,21.704736940647816
42119,13.131729128669765
42121,17.633993591610835
42123,24.588285229202036
42125,8.483818578788302
42127,34.84029949767795
42129,8.649873067021801
42131,15.218047381922439
42133,5.764225867656195
44001,8.15347721822542
44003,6.860151151273389
44005,16.472868217054263
44007,8.729208752619556
44009,20.94492492685593
45001,17.294478019703618
45003,11.067281208044403
45005,17.387427552385198
45007,12.910798122065728
45009,21.61741835147745
45011,14.755818389927509
45013,30.183933005815767
45015,10.839284740773047
45017,17.166212534059948
45019,15.104362763554215
45021,10.326290786348293
45023,12.414121488334127
45025,15.403593706358812
45027,24.8182286597584
45029,23.96864479171901
45031,12.430273624451265
45033,13.236792315529037
45035,8.927988982713007
45037,11.468889099346528
45039,19.364780412635906
45041,10.249548290321481
45043,27.167973390354007
45045,9.685258515721726
45047,11.29323114574612
45049,16.87089715536105
45051,39.66138328530259
45053,17.30265074279056
45055,12.919426450251109
45057,9.147367454951508
45059,16.881044644892377
45061,12.578778135048232
45063,9.849329132918557
45065,26.15074271043462
45067,12.673042198889856
45069,13.991053677932404
45071,17.927686642115837
45073,20.86267832727085
45075,15.800865800865802
45077,11.739911013972367
45079,10.22167259236358
45081,18.968672623533212
45083,10.912678996640246
45085,12.199256699484906
45087,15.396029110435949
45089,15.313496972459145
45091,8.845386215975202
46003,16.76737160120846
46005,12.379576107899808
46007,13.697545526524149
46009,16.17195496417605
46011,8.434193499276851
46013,7.2848078534658205
46015,12.20715166461159
46017,12.643678160919542
46019,9.976195628651807
46021,29.183673469387756
46023,15.58846453624318
46025,15.497076023391813
46027,9.381095938996275
46029,7.784141324513995
46031,18.181818181818183
46033,21.43474503025065
46035,6.281066425666516
46037,31.019283746556475
46039,17.468239564428313
46041,13.586413586413586
46043,15.913829047949966
46045,18.260427263479144
46047,21.92794082557862
46049,23.503521126760564
46051,12.393647192285878
46053,22.652816620055933
46055,16.090819348469893
46057,23.6231884057971
46059,17.68595041322314
46061,11.214953271028037
46063,26.265389876880985
46065,7.306834579561852
46067,12.563413906296628
46069,15.254237288135593
46071,16.512992455993295
46073,18.69158878504673
46075,22.24108658743633
46077,18.308823529411764
46079,19.355999280446124
46081,17.403574788334904
46083,6.858741258741259
46085,18.30985915492958
46087,12.966680048173423
46089,27.71509167842031
46091,28.374112075769535
46093,9.972727272727273
46095,17.30310262529833
46097,21.100917431192663
46099,6.329220062327934
46101,9.560906515580736
46102,12.496521013080992
46103,8.227101826514495
46105,25.761932144910872
46107,29.2
46109,22.059123343527013
46111,16.808873720136518
46115,16.916215355208667
46117,11.463590483056956
46119,27.810650887573964
46121,11.521323997453852
46123,21.256510416666664
46125,12.363544046712363
46127,8.343949044585987
46129,20.346320346320347
46135,9.13800248653129
46137,15.29888551165147
47001,9.9778206642279
47003,9.967320261437909
47005,21.303621169916433
47007,17.855893669115076
47009,10.858393949263561
47011,8.329508394733663
47013,18.090754282279875
47015,9.358953122411794
47017,12.719963592233011
47019,12.791032941685287
47021,7.297452595288259
47023,11.060171919770774
47025,13.500235547479642
47027,21.578701541335825
47029,15.298699810985738
47031,10.702398224801572
47033,11.14396887159533
47035,15.487904514937304
47037,8.620033946291613
47039,28.313691255638002
47041,21.105794790005316
47043,8.227665706051873
47045,9.100161647608214
47047,7.42868083476929
47049,19.093851132686083
47051,14.365941060063111
47053,10.495931633256058
47055,14.222767986131176
47057,17.119515329539194
47059,12.512099921935988
47061,15.50726903235892
47063,8.912213032674405
47065,9.54621559557135
47067,22.04746136865342
47069,14.28439775135932
47071,23.684210526315788
47073,13.126163007071082
47075,10.294648226097413
47077,12.147777082028805
47079,20.229858097806964
47081,12.947337794588304
47083,20.033428844317097
47085,15.916525662718556
47087,18.03867876091049
47089,15.468743350780883
47091,19.66279589102278
47093,9.079297662465569
47095,12.62509622786759
47097,12.979744136460555
47099,10.463772899818451
47101,12.59597806215722
47103,12.197362377796733
47105,8.74108170310702
47107,10.607943104408552
47109,13.466856616106595
47111,13.183247135178988
47113,9.08374525395802
47115,11.973135710977305
47117,9.672993368396982
47119,10.18607817552618
47121,16.73773987206823
47123,14.797710107278588
47125,9.16573939342064
47127,14.51114922813036
47129,13.766816143497756
47131,10.792004911658367
47133,14.327343370568238
47135,31.289410741465534
47137,37.11727325245523
47139,16.74383681641847
47141,9.25914309014491
47143,14.542290288896623
47145,12.988023020687509
47147,7.241432185846815
47149,6.541838241006914
47151,12.50252270433905
47153,13.332286432160803
47155,36.79494974784506
47157,11.876999251771393
47159,13.119943721421034
47161,20.53703157273532
47163,10.116594360086768
47165,7.56882124666505
47167,6.819259450838398
47169,11.63895486935867
47171,12.502831257078142
47173,17.492743916052692
47175,15.659031167855803
47177,11.059985410470793
47179,10.360848150347573
47181,15.795251818306575
47183,10.306550500161341
47185,10.763617409434453
47187,5.273146661216386
47189,6.594540028089887
48001,14.406442632730165
48003,9.54592363261094
48005,12.641546545280846
48007,36.2097036795832
48009,13.854394935476016
48011,16.924778761061948
48013,13.527309851965288
48015,16.161225437103514
48017,11.350574712643677
48019,25.92336303087968
48021,11.857006412880338
48023,37.373358348968104
48025,15.090618837449526
48027,9.1137323663027
48029,8.137468470534282
48031,22.107736804049168
48033,31.428571428571427
48035,24.61810246284942
48037,9.934273764060999
48039,9.926818550567875
48041,7.671814671814673
48043,21.84655396618986
48045,27.38719832109129
48047,18.431614695893796
48049,19.18849455897632
48051,22.758152173913043
48053,20.886439865836127
48055,10.596700341594593
48057,31.93689745836985
48059,16.82699648801344
48061,15.707702714128688
48063,17.291371994342292
48065,11.925287356321839
48067,13.561443772167744
48069,13.329121920404297
48071,10.07448649462042
48073,14.214487751090656
48075,19.32015261879986
48077,16.135922330097088
48079,18.16176470588235
48081,45.031871016122984
48083,30.416741836550603
48085,5.715377458798511
48087,27.042079207920793
48089,22.27605205661632
48091,12.195380827035748
48093,22.746781115879827
48095,36.40806353084912
48097,12.60387811634349
48099,10.457542298832314
48101,30.061983471074385
48103,9.865196078431373
48105,23.79421221864952
48107,22.915230875258445
48109,20.14072119613017
48111,13.406437920056597
48113,9.254847830442817
48115,15.996168582375478
48117,10.060760209128162
48119,15.052888527257933
48121,6.188046334216968
48123,19.27855274629468
48125,27.45709828393136
48127,21.35632183908046
48129,29.178338001867417
48131,25.946043816766252
48133,27.227529732891405
48135,8.182623946291512
48137,47.75840597758406
48139,7.103835188080566
48141,5.0868087026973035
48143,14.234414552304703
48145,18.410150181253236
48147,14.38940173349306
48149,27.329102970868185
48151,24.593128390596743
48153,20.03994673768309
48155,27.376425855513308
48157,4.895701162259555
48159,27.920277296360485
48161,21.65137614678899
48163,16.968867601778996
48165,11.029995238850976
48167,17.754279503668148
48169,25.30174340634779
48171,17.264047581781185
48173,23.96551724137931
48175,22.695417789757414
48177,19.035706163293153
48179,16.8832447332152
48181,12.697526383382657
48183,7.504948095488145
48185,18.457451680864708
48187,8.503448965310408
48189,12.517539325012924
48191,29.38754503345342
48193,24.616732369689007
48195,14.20017108639863
48197,28.754654530409603
48199,9.448156834978095
48201,10.229761968802114
48203,11.482096448166331
48205,8.992805755395683
48207,33.28492593668312
48209,7.0215594863422925
48211,15.16267648864334
48213,21.656774845308753
48215,12.814202918396855
48217,17.86822186375481
48219,11.309587861831485
48221,16.65664702817522
48223,11.451194357575355
48225,24.939299340964276
48227,13.646754038402925
48229,23.117223313686967
48231,12.608979947689624
48233,17.094740803462226
48235,23.714953271028037
48237,23.418803418803417
48239,19.81790591805766
48241,18.02595547088939
48243,35.895846249225045
48245,10.517697081130775
48247,22.08111429741909
48249,13.53811853595095
48251,7.9796893457218925
48253,18.701158717326866
48255,21.008849557522126
48257,8.762590678983353
48259,10.23123443614372
48261,36.9098712446352
48263,36.594202898550726
48265,13.767781461122066
48267,40.19578760011866
48269,39.247311827956985
48271,30.412371134020617
48273,13.216548056620002
48275,26.320939334637966
48277,11.796628263867266
48279,17.085509138381198
48281,13.523743977976599
48283,29.679533867443553
48285,24.516627996906422
48287,17.97573009734631
48289,27.47923020296561
48291,12.816857331617928
48293,19.333712984054667
48295,16.46825396825397
48297,29.810387469084915
48299,36.918767507002805
48301,22
48303,8.067684071473268
48305,16.068759342301945
48307,22.408182240818224
48309,8.653967453008704
48311,36.08247422680412
48313,17.83751962323391
48315,26.10164039884207
48317,10.961123110151188
48319,35.8214416392243
48321,26.099675549172918
48323,10.875042950406597
48325,13.679061753098773
48327,41.59811985898942
48329,6.450663281264374
48331,16.780185758513934
48333,30.604356992269853
48335,30.880905511811026
48337,21.143026354752738
48339,8.50957235416303
48341,8.679101636848117
48343,13.247011952191235
48345,30.42362002567394
48347,12.935123695541122
48349,14.104971829593755
48351,23.326799215905908
48353,16.121364653243848
48355,11.661100593478123
48357,10.955194485475134
48359,17.8359096313912
48361,12.125846005720273
48363,28.54607598264756
48365,15.1007326007326
48367,9.77738697778159
48369,10.160568570676494
48371,12.372426141450314
48373,27.24507340298902
48375,9.176873770387765
48377,24.026143790849673
48379,16.92920857847789
48381,7.001764010312677
48383,15.743440233236154
48385,47.13351288957291
48387,19.879871081160267
48389,17.262931034482758
48391,23.752012882447666
48393,18.223234624145785
48395,22.9019330504479
48397,5.336626221410931
48399,21.38542846357116
48401,12.81204284837903
48403,40.68602904356535
48405,32.14152002995133
48407,23.43975127019034
48409,14.644998303231402
48411,28.958136606861817
48413,20.617864338482203
48415,16.156828953037483
48417,22.063854047890537
48419,18.73999831550577
48421,13.658146964856229
48423,9.45377910639224
48425,16.22210125204137
48427,12.931475980743624
48429,25.7796678817335
48431,28.455284552845526
48433,30.81896551724138
48435,23.682914820285575
48437,14.250232846941943
48439,8.067817286720956
48441,9.013452914798206
48443,38.57142857142858
48445,13.007456503728251
48447,33.178869323447636
48449,10.295337647254025
48451,9.104378261149643
48453,8.334013235427431
48455,29.50763227361414
48457,24.312316854145006
48459,10.160717510383435
48461,18.863049095607234
48463,16.520210896309315
48465,16.068843493646455
48467,12.140070999693211
48469,9.119914165513736
48471,12.839803807465291
48473,11.358040280320727
48475,14.891350660417555
48477,15.966224055691633
48479,8.69435071296397
48481,11.648274654055001
48483,20.10989010989011
48485,11.787783896627433
48487,16.286799620132953
48489,18.125
48491,6.246121899823681
48493,10.479541930096623
48495,14.833168153287083
48497,11.631134098650183
48499,17.942572264033362
48501,11.249160510409672
48503,14.83414520992809
48505,30.72706754796066
48507,16.577165538174178
49001,22.111416781292984
49003,7.318480895763592
49005,6.217588591184097
49007,16.469479635640248
49009,62.66432953549518
49011,4.125243414984114
49013,36.763931317813125
49015,16.863443974159058
49017,48.20182501341922
49019,19.248338870431894
49021,23.618243758580363
49023,11.679040548258138
49025,50.128976784178846
49027,14.942296011338327
49029,6.187624750499002
49031,35.85746102449889
49033,71.59491884262526
49035,5.881092544316281
49037,21.433554237879314
49039,23.383755660468253
49041,16.037400875843293
49043,51.06423055189301
49045,7.627859162169108
49047,11.769127965252254
49049,5.22278395685878
49051,31.105228325612178
49053,19.745730418817335
49055,33.438089252042744
49057,8.631232088365994
50001,15.966587112171837
50003,26.05869419749546
50005,21.258311378747962
50007,5.9264781960378565
50009,43.85335724247858
50011,14.24402445803224
50013,42.51188589540412
50015,22.785102937774692
50017,19.925900976759852
50019,29.95916346986759
50021,23.0514096185738
50023,16.412277479042118
50025,35.12695476710947
50027,27.44885397737265
51001,34.30149509570517
51003,9.413133279521391
51005,14.651969284121874
51007,10.039186415376003
51009,10.13165426445335
51011,12.83051582141309
51013,6.976964821069409
51015,8.584984291850997
51017,33.883792048929664
51019,13.670137992368822
51021,21.408882082695254
51023,9.861282790825436
51025,22.04261572373255
51027,13.890808569454045
51029,17.655991165102154
51031,9.39884533085712
51033,10.853440190979622
51035,22.56020278833967
51036,8.485599256735831
51037,18.555714968914394
51041,5.6097262453592265
51043,11.643945469125901
51045,22.285510857956567
51047,8.076117120688679
51049,13.964548205793342
51051,13.049214936007388
51053,8.037121344773244
51057,21.538996004863645
51059,4.012519669214065
51061,7.585937500000001
51063,17.65083440308087
51065,8.995473369931618
51067,22.292341804536928
51069,7.9180756715370375
51071,13.270825820411108
51073,9.83472117083018
51075,7.1942446043165464
51077,25.229357798165136
51079,9.708349980023971
51081,12.811735941320293
51083,16.213063763608087
51085,4.616788321167883
51087,6.158399734895841
51089,11.866148926450434
51091,41.15405552531301
51093,6.252989817535708
51095,9.856696982917743
51097,15.582893966022263
51099,11.617600506489396
51101,8.325666973321068
51103,28.870575520129695
51105,13.503618561089825
51107,4.439794594397032
51109,20.68141430234696
51111,16.478517270429656
51113,14.31220498988537
51115,31.94566943023461
51117,27.411112904093375
51119,33.99691574372634
51121,7.264901864191449
51125,35.59560970697815
51127,6.60726525017135
51131,27.092179153540613
51133,38.410227904391334
51135,14.19548872180451
51137,11.774767378215655
51139,15.982758620689655
51141,19.85520182485371
51143,16.36694668923883
51145,5.466494075475455
51147,13.476882719422889
51149,5.018248175182482
51153,4.6165627393064215
51155,14.006382361473745
51157,19.979161239906226
51159,17.948051948051948
51161,6.017592962814874
51163,14.320301291248205
51165,13.318478906714201
51167,11.428359537229309
51169,17.967438737831486
51171,18.202720827744777
51173,13.664354702793801
51175,10.089656095276329
51177,7.1771605621334515
51179,5.02296602846878
51181,17.94425087108014
51183,14.948892674616696
51185,11.413617593392875
51187,12.155419733067232
51191,10.773016679035976
51193,31.154643058956488
51195,10.992196209587513
51197,11.414162937708644
51199,10.588848746694476
51510,5.932905935669282
51520,10.780206092175291
51530,11.341961852861035
51540,7.353171087602273
51550,4.353574691090918
51570,7.099987230238794
51580,14.183240952070427
51590,16.075407790355648
51595,9.707602339181287
51600,3.8364055299539173
51610,7.068682820185826
51620,9.510381953345295
51630,9.190790102226044
51640,10.14760147601476
51650,7.613403619514488
51660,8.346709470304976
51670,9.80140302341666
51678,12.13668499607227
51680,10.990247561890474
51683,4.541644441057685
51685,8.095432300163132
51690,15.558639833448995
51700,7.262657812541011
51710,8.9804037129807
51720,10.025706940874036
51730,16.489035893666546
51735,4.253068133728311
51740,8.533058863892565
51750,6.799439863077642
51760,11.385982572268146
51770,9.990938402208501
51775,7.265509601181684
51790,10.717328335321179
51800,6.559709399122143
51810,7.190281033736416
51820,8.377071112483277
51830,11.688562596599692
51840,10.655323450134771
53001,8.362704261454661
53003,6.442463533225283
53005,4.82963653851759
53007,21.536726349922457
53009,11.952672699679614
53011,5.563486706528167
53013,17.50936329588015
53015,7.378596087456847
53017,13.184203949012746
53019,27.54939813763343
53021,4.823322278180404
53023,19.78913219789132
53025,14.371632984636435
53027,18.731160780299152
53029,18.61112491922255
53031,20.92643665222041
53033,7.286719349294753
53035,9.450762338521148
53037,24.22374429223744
53039,14.909053750255467
53041,12.649045521292217
53043,23.441828254847646
53045,26.71135986223015
53047,25.740615868734544
53049,38.90139576767222
53051,30.960181451612907
53053,7.823895505186323
53055,42.815293322316535
53057,11.493404309055233
53059,19.65174129353234
53061,6.395752444542121
53063,7.082716919685852
53065,18.150879183210435
53067,6.962341239762622
53069,15.965166908563136
53071,7.385612553835657
53073,11.354988143164396
53075,9.599958598561301
53077,5.711678405129045
54001,16.57535991846095
54003,10.962423484205353
54005,10.31616982836495
54007,19.08293998651382
54009,8.634995896781254
54011,10.712815958760206
54013,17.5372192783245
54015,18.460192475940506
54017,21.46477445514445
54019,12.975298362475716
54021,20.15661252900232
54023,22.38454288407163
54025,18.63540569020021
54027,29.902104032729397
54029,8.555120005501685
54031,27.977222084674423
54033,9.220196621170182
54035,10.32694475760992
54037,9.55665471706675
54039,9.087866289490163
54041,13.759738627795928
54043,11.166177809244463
54045,10.965776742519262
54047,18.954248366013072
54049,10.116011034274269
54051,12.872220128156803
54053,14.278025526679993
54055,11.661962477170846
54057,11.41958739167114
54059,12.394676746200489
54061,8.004533049632268
54063,25.60189448756742
54065,25.120475751050957
54067,16.27372933251684
54069,10.665029283959946
54071,35.98986749805144
54073,15.604719764011799
54075,57.52232395162202
54077,14.585679274027951
54079,6.216400716784708
54081,11.41075951128552
54083,17.5769962647121
54085,25.260996063665925
54087,15.725751598421983
54089,27.447916666666668
54091,10.118021482561995
54093,42.81705948372615
54095,22.84
54097,13.334534642760609
54099,9.777916471628439
54101,30.140014738393518
54103,14.743668175700478
54105,25.998142989786444
54107,9.06129553649136
54109,11.59883190363205
55001,50.29823353980271
55003,30.24026512013256
55005,18.80664012873719
55007,48.565274251865524
55009,5.737225857757423
55011,14.345738295318128
55013,55.44573897106952
55015,5.686722518405687
55017,10.20783520323708
55019,15.899442823029982
55021,13.016030914029919
55023,22.60849806862077
55025,5.6809028710038785
55027,8.552898256992298
55029,47.64249353250438
55031,18.707557502738226
55033,8.85660209307504
55035,6.305900215890489
55037,58.43096234309624
55039,7.317239808699613
55041,57.23522853957637
55043,10.124646679949956
55045,6.243693239152372
55047,25.405048982667672
55049,10.933855770127812
55051,52.95882647107851
55053,19.36876734861725
55055,8.62093493043503
55057,28.236416933669645
55059,9.580302505484354
55061,11.446689595872742
55063,4.679558695921656
55065,8.589211618257261
55067,30.525889967637543
55069,27.94327931363203
55071,8.540159724649762
55073,7.894828004295562
55075,40.83412883900063
55077,33.59943411479386
55078,41.500221926320464
55079,8.243452385223883
55081,9.51885023953343
55083,34.507371372732294
55085,46.878008298755184
55087,4.786121478078989
55089,5.622190972509443
55091,14.752724224643753
55093,7.004711133151501
55095,25.75057736720554
55097,7.453250815199308
55099,43.08453237410072
55101,7.926829268292683
55103,17.129003157419938
55105,8.063196048054719
55107,29.843521332883032
55109,6.426742783156284
55111,15.20129258112293
55113,55.943661971830984
55115,17.86196911196911
55117,8.619942481188197
55119,20.733320733320735
55121,8.677391235438623
55123,15.335276967930028
55125,61.54642458990285
55127,22.96093613553007
55129,46.713922490176444
55131,5.6495109242161075
55133,5.098095285458524
55135,15.78595054339266
55137,32.971771205281954
55139,7.437712228449862
55141,7.304623327857311
56001,12.531356262890908
56003,15.207287599925637
56005,9.406489053020312
56007,25.513059701492537
56009,11.400905825394346
56011,18.74826147426982
56013,13.154641492470217
56015,11.06831882116544
56017,15.375677769171183
56019,16.933889743026576
56021,7.132618259107311
56023,23.3065057008719
56025,9.438873606057916
56027,20.104633781763827
56029,12.365432827016665
56031,17.763016927362333
56033,11.327928832771361
56035,32.3050259965338
56037,12.06298372030958
56039,29.96956216342777
56041,11.99357282221967
56043,8.896425776154448
56045,14.491933201245399
02066,35.004916420845625
02063,35.004916420845625
